club_name,Avg_Wages,League
Bayer 04 Leverkusen,35.07407407,Bundesliga
Borussia Dortmund,44,Bundesliga
Borussia Monchengladbach,18.09090909,Bundesliga
DSC Arminia Bielefeld,12.46,Bundesliga
Eintracht Frankfurt,20.16774194,Bundesliga
FC Augsburg,14.25806452,Bundesliga
FC Bayern Munchen,79.51724138,Bundesliga
Hertha BSC,24.046875,Bundesliga
RB Leipzig,44,Bundesliga
Sport-Club Freiburg,16.23076923,Bundesliga
TSG Hoffenheim,22.13636364,Bundesliga
VfB Stuttgart,13.71818182,Bundesliga
VfL Bochum 1848,12.14516129,Bundesliga
VfL Wolfsburg,39.053125,Bundesliga
Arsenal,52.10606061,EPL
Aston Villa,38.9516129,EPL
Brentford,21.33333333,EPL
Brighton & Hove Albion,29.54545455,EPL
Burnley,22.45454545,EPL
Chelsea,90.24242424,EPL
Crystal Palace,31.75757576,EPL
Everton,56.54545455,EPL
Leeds United,37.52903226,EPL
Leicester City,68.6969697,EPL
Liverpool,97.3030303,EPL
Manchester City,112.825,EPL
Manchester United,98.03125,EPL
Newcastle United,25.12121212,EPL
Norwich City,19.66666667,EPL
Southampton,28.01212121,EPL
Tottenham Hotspur,63.06060606,EPL
Watford,30,EPL
West Ham United,43.92424242,EPL
Wolverhampton Wanderers,43.09090909,EPL
Athletic Club de Bilbao,19.96666667,LaLiga
Atletico de Madrid,55.765625,LaLiga
CA Osasuna,18.33333333,LaLiga
Cadiz CF,18.703125,LaLiga
Deportivo Alaves,16.74074074,LaLiga
Elche CF,15.13333333,LaLiga
FC Barcelona,97.87878788,LaLiga
Getafe CF,18.51833333,LaLiga
Granada CF,16.3030303,LaLiga
Rayo Vallecano,12.32258065,LaLiga
RC Celta de Vigo,14.24242424,LaLiga
RCD Espanyol de Barcelona,15.83333333,LaLiga
RCD Mallorca,16.48484848,LaLiga
Real Betis Balompie,21.06060606,LaLiga
Real Madrid CF,133.1515152,LaLiga
Real Sociedad,31,LaLiga
Sevilla FC,25.54545455,LaLiga
Valencia CF,22.74242424,LaLiga
Villarreal CF,26.21212121,LaLiga
Angers SCO,11.55833333,Ligue 1
AS Monaco,36,Ligue 1
Clermont Foot 63,8.296296296,Ligue 1
ESTAC Troyes,11.86666667,Ligue 1
FC Girondins de Bordeaux,12.96774194,Ligue 1
FC Lorient,8.153846154,Ligue 1
FC Metz,9.573333333,Ligue 1
FC Nantes,12.88709677,Ligue 1
LOSC Lille,21.69,Ligue 1
OGC Nice,20.62962963,Ligue 1
Olympique de Marseille,22.26969697,Ligue 1
Olympique Lyonnais,41.6,Ligue 1
Paris Saint-Germain,90.90909091,Ligue 1
Racing Club de Lens,15.75925926,Ligue 1
RC Strasbourg Alsace,16.738,Ligue 1
Stade Brestois 29,10.42307692,Ligue 1
Stade de Reims,12.68965517,Ligue 1
Stade Rennais FC,25.76666667,Ligue 1
AC Milan,35.21428571,Serie A
Atalanta,45.96,Serie A
Bologna,18.84655172,Serie A
Cagliari,19.82758621,Serie A
Empoli,18.19821429,Serie A
Fiorentina,37.59259259,Serie A
Genoa,11.72727273,Serie A
Hellas Verona,18.81481481,Serie A
Inter,85.14285714,Serie A
Juventus,74.46153846,Serie A
Lazio,45.84375,Serie A
Napoli,58.76923077,Serie A
Roma,37.46875,Serie A
Spezia,13.16041667,Serie A
Torino F.C.,29.93548387,Serie A
U.C. Sampdoria,15.52,Serie A
U.S. Sassuolo Calcio,20.88888889,Serie A
Udinese Calcio,13.38461538,Serie A
US Salernitana 1919,14.92592593,Serie A
Venezia FC,9.654545455,Serie A
