club_name,Avg_Wages,League
Arsenal,52106.06061,English Premier League
Aston Villa,38951.6129,English Premier League
Brentford,21333.33333,English Premier League
Brighton & Hove Albion,29545.45455,English Premier League
Burnley,22454.54545,English Premier League
Chelsea,90242.42424,English Premier League
Crystal Palace,31757.57576,English Premier League
Everton,56545.45455,English Premier League
Leeds United,37529.03226,English Premier League
Leicester City,68696.9697,English Premier League
Liverpool,97303.0303,English Premier League
Manchester City,112825,English Premier League
Manchester United,98031.25,English Premier League
Newcastle United,25121.21212,English Premier League
Norwich City,19666.66667,English Premier League
Southampton,28012.12121,English Premier League
Tottenham Hotspur,63060.60606,English Premier League
Watford,30000,English Premier League
West Ham United,43924.24242,English Premier League
Wolverhampton Wanderers,43090.90909,English Premier League
Angers SCO,11558.33333,French Ligue 1
AS Monaco,36000,French Ligue 1
Clermont Foot 63,8296.296296,French Ligue 1
ESTAC Troyes,11866.66667,French Ligue 1
FC Girondins de Bordeaux,12967.74194,French Ligue 1
FC Lorient,8153.846154,French Ligue 1
FC Metz,9573.333333,French Ligue 1
FC Nantes,12887.09677,French Ligue 1
LOSC Lille,21690,French Ligue 1
OGC Nice,20629.62963,French Ligue 1
Olympique de Marseille,22269.69697,French Ligue 1
Olympique Lyonnais,41600,French Ligue 1
Paris Saint-Germain,90909.09091,French Ligue 1
Racing Club de Lens,15759.25926,French Ligue 1
RC Strasbourg Alsace,16738,French Ligue 1
Stade Brestois 29,10423.07692,French Ligue 1
Stade de Reims,12689.65517,French Ligue 1
Stade Rennais FC,25766.66667,French Ligue 1
Bayer 04 Leverkusen,35074.07407,German 1. Bundesliga
Borussia Dortmund,44000,German 1. Bundesliga
Borussia Monchengladbach,18090.90909,German 1. Bundesliga
DSC Arminia Bielefeld,12460,German 1. Bundesliga
Eintracht Frankfurt,20167.74194,German 1. Bundesliga
FC Augsburg,14258.06452,German 1. Bundesliga
FC Bayern Munchen,79517.24138,German 1. Bundesliga
Hertha BSC,24046.875,German 1. Bundesliga
RB Leipzig,44000,German 1. Bundesliga
Sport-Club Freiburg,16230.76923,German 1. Bundesliga
TSG Hoffenheim,22136.36364,German 1. Bundesliga
VfB Stuttgart,13718.18182,German 1. Bundesliga
VfL Bochum 1848,12145.16129,German 1. Bundesliga
VfL Wolfsburg,39053.125,German 1. Bundesliga
AC Milan,35214.28571,Italian Serie A
Atalanta,45960,Italian Serie A
Bologna,18846.55172,Italian Serie A
Cagliari,19827.58621,Italian Serie A
Empoli,18198.21429,Italian Serie A
Fiorentina,37592.59259,Italian Serie A
Genoa,11727.27273,Italian Serie A
Hellas Verona,18814.81481,Italian Serie A
Inter,85142.85714,Italian Serie A
Juventus,74461.53846,Italian Serie A
Lazio,45843.75,Italian Serie A
Napoli,58769.23077,Italian Serie A
Roma,37468.75,Italian Serie A
Spezia,13160.41667,Italian Serie A
Torino F.C.,29935.48387,Italian Serie A
U.C. Sampdoria,15520,Italian Serie A
U.S. Sassuolo Calcio,20888.88889,Italian Serie A
Udinese Calcio,13384.61538,Italian Serie A
US Salernitana 1919,14925.92593,Italian Serie A
Venezia FC,9654.545455,Italian Serie A
Athletic Club de Bilbao,19966.66667,Spain Primera Division
Atletico de Madrid,55765.625,Spain Primera Division
CA Osasuna,18333.33333,Spain Primera Division
Cadiz CF,18703.125,Spain Primera Division
Deportivo Alaves,16740.74074,Spain Primera Division
Elche CF,15133.33333,Spain Primera Division
FC Barcelona,97878.78788,Spain Primera Division
Getafe CF,18518.33333,Spain Primera Division
Granada CF,16303.0303,Spain Primera Division
Rayo Vallecano,12322.58065,Spain Primera Division
RC Celta de Vigo,14242.42424,Spain Primera Division
RCD Espanyol de Barcelona,15833.33333,Spain Primera Division
RCD Mallorca,16484.84848,Spain Primera Division
Real Betis Balompie,21060.60606,Spain Primera Division
Real Madrid CF,133151.5152,Spain Primera Division
Real Sociedad,31000,Spain Primera Division
Sevilla FC,25545.45455,Spain Primera Division
Valencia CF,22742.42424,Spain Primera Division
Villarreal CF,26212.12121,Spain Primera Division