nationality_name,Avg_Wages,,,,
Afghanistan,2000.0,,,,
Albania,10133.7,,,,
Algeria,20552.9,,,,
Andorra,1000.0,,,,
Angola,9270.6,,,,
Antigua,4000.0,,,,
Argentina,9265.9,,,,
Armenia,20642.9,,,,
Australia,2335.7,,,,
Austria,8200.5,,,,
Azerbaijan,4156.3,,,,
Barbados,3000.0,,,,
Belarus,5787.5,,,,
Belgium,14214.2,,,,
Belize,2000.0,,,,
Benin,6695.0,,,,
Bermuda,20000.0,,,,
Bhutan,700.0,,,,
Bolivia,605.3,,,,
Bosnia and Herzegovina,11825.4,,,,
Brazil,16266.2,,,,
Bulgaria,2216.7,,,,
Burkina Faso,10296.9,,,,
Burundi,3750.0,,,,
Cameroon,12713.8,,,,
Canada,5126.0,,,,
Cape Verde Islands,10504.8,,,,
Central African Republic,29500.0,,,,
Chad,10500.0,,,,
Chile,5773.0,,,,
China,3202.9,,,,
Chinese Taipei,4500.0,,,,
Colombia,7078.0,,,,
Comoros,3750.0,,,,
Costa Rica,11021.7,,,,
Croatia,13317.5,,,,
Cuba,9666.7,,,,
Curacao,6272.7,,,,
Cyprus,2407.9,,,,
Czech Republic,6785.8,,,,
Democratic Republic of the Congo,10465.1,,,,
Denmark,8694.1,,,,
Dominican Republic,30875.0,,,,
Ecuador,2813.2,,,,
Egypt,43041.7,,,,
El Salvador,2175.0,,,,
Equatorial Guinea,11800.0,,,,
Eritrea,3000.0,,,,
Estonia,3000.0,,,,
Ethiopia,800.0,,,,
Faroe Islands,1583.3,,,,
Fiji,3000.0,,,,
Finland,5433.1,,,,
France,13164.4,,,,
Gabon,20808.3,,,,
Gambia,6494.2,,,,
Georgia,4972.0,,,,
Germany,8908.9,,,,
Ghana,9021.9,,,,
Gibraltar,2000.0,,,,
Greece,7836.6,,,,
Grenada,4166.7,,,,
Guam,2000.0,,,,
Guatemala,2750.0,,,,
Guinea,10275.8,,,,
Guinea Bissau,5386.4,,,,
Guyana,1985.7,,,,
Haiti,1870.0,,,,
Honduras,6909.1,,,,
Hong Kong,1500.0,,,,
Hungary,9521.3,,,,
Iceland,6725.5,,,,
India,513.0,,,,
Indonesia,800.0,,,,
Iran,6190.5,,,,
Iraq,2750.0,,,,
Ireland,3975.3,,,,
Israel,8940.9,,,,
Italy,20603.7,,,,
Ivory Coast,12595.5,,,,
Jamaica,14783.3,,,,
Japan,3626.4,,,,
Jordan,3316.7,,,,
Kazakhstan,9333.3,,,,
Kenya,4062.5,,,,
Kosovo,8913.0,,,,
Kyrgyzstan,800.0,,,,
Latvia,1121.4,,,,
Lebanon,2500.0,,,,
Liberia,2460.0,,,,
Libya,10000.0,,,,
Lithuania,2877.8,,,,
Luxembourg,4303.3,,,,
Madagascar,6087.5,,,,
Malawi,575.0,,,,
Malaysia,1250.0,,,,
Mali,11380.7,,,,
Malta,4325.0,,,,
Mauritania,2333.3,,,,
Mauritius,4000.0,,,,
Mexico,10539.1,,,,
Moldova,7193.8,,,,
Montenegro,14391.3,,,,
Montserrat,6300.0,,,,
Morocco,12904.5,,,,
Mozambique,16250.0,,,,
Namibia,8600.0,,,,
Netherlands,11534.9,,,,
New Zealand,5165.0,,,,
Niger,5333.3,,,,
Nigeria,11774.0,,,,
North Korea,900.0,,,,
North Macedonia,7444.6,,,,
Northern Mariana Islands,7116.4,,,,
Norway,3779.4,,,,
Palestine,1500.0,,,,
Panama,4417.6,,,,
Papua New ,500.0,,,,
Paraguay,3699.5,,,,
Peru,2638.5,,,,
Philippines,6500.0,,,,
Poland,4709.6,,,,
Portugal,13966.6,,,,
Puerto Rico,2250.0,,,,
Republic of Congo,5340.6,,,,
Romania,3680.0,,,,
Russia,17825.3,,,,
Saint Kitts,9000.0,,,,
Saint Lucia,3000.0,,,,
Saudi Arabia,4919.3,,,,
Senegal,14390.2,,,,
Serbia,13001.2,,,,
Sierra Leone,4800.0,,,,
Slovakia,11258.3,,,,
Slovenia,13069.2,,,,
South Africa,1754.8,,,,
South Korea,3442.3,,,,
South Sudan,830.0,,,,
Spain,14599.2,,,,
Sudan,3333.3,,,,
Suriname,7454.5,,,,
Sweden,4435.4,,,,
Switzerland,9719.3,,,,
Syria,22500.0,,,,
Tanzania,43000.0,,,,
Thailand,4166.7,,,,
Togo,9545.5,,,,
Trinidad,2750.0,,,,
Tunisia,8168.3,,,,
Turkey,9760.1,,,,
Uganda,3992.9,,,,
UK,10270.4,,,,
UK,7268.4,,,,
UK,9582.5,,,,
Ukraine,6915.7,,,,
United Arab Emirates,536.8,,,,
Uruguay,8474.3,,,,
USA,4165.5,,,,
Uzbekistan,12500.0,,,,
Venezuela,2861.1,,,,
Vietnam,2000.0,,,,
Zambia,19388.9,,,,
Zimbabwe,12307.7,,,,