﻿Player,Overall,Year
Lionel Messi,93,2022
Robert Lewandowski,92,2022
Cristiano Ronaldo,91,2022
Kevin de Bruyne,91,2022
Kylian Mbappe,91,2022
Neymar Jr,91,2022
Jan Oblak,91,2022
Harry Kane,90,2022
N’golo Kante,90,2022
Manuel Neuer,90,2022
Lionel Messi,93,2021
Robert Lewandowski,91,2021
Cristiano Ronaldo,92,2021
Kevin de Bruyne,91,2021
Kylian Mbappe,90,2021
Neymar Jr,91,2021
Jan Oblak,91,2021
Harry Kane,88,2021
N’golo Kante,88,2021
Manuel Neuer,89,2021
Lionel Messi,94,2020
Robert Lewandowski,89,2020
Cristiano Ronaldo,93,2020
Kevin de Bruyne,91,2020
Kylian Mbappe,89,2020
Neymar Jr,92,2020
Jan Oblak,91,2020
Harry Kane,89,2020
N’golo Kante,89,2020
Manuel Neuer,88,2020
Lionel Messi,94,2019
Robert Lewandowski,90,2019
Cristiano Ronaldo,94,2019
Kevin de Bruyne,91,2019
Kylian Mbappe,87,2019
Neymar Jr,92,2019
Jan Oblak,90,2019
Harry Kane,89,2019
N’golo Kante,89,2019
Manuel Neuer,90,2019
Lionel Messi,93,2018
Robert Lewandowski,91,2018
Cristiano Ronaldo,94,2018
Kevin de Bruyne,89,2018
Kylian Mbappe,83,2018
Neymar Jr,92,2018
Jan Oblak,88,2018
Harry Kane,86,2018
N’golo Kante,87,2018
Manuel Neuer,92,2018