﻿short_name,long_name,player_positions,overall
L. Messi,Lionel Andres Messi Cuccittini,"RW, ST, CF",93
R. Lewandowski,Robert Lewandowski,ST,92
Cristiano Ronaldo,Cristiano Ronaldo dos Santos Aveiro,"ST, LW",91
Neymar Jr,Neymar da Silva Santos JÃºnior,"LW, CAM",91
K. De Bruyne,Kevin De Bruyne,"CM, CAM",91
J. Oblak,Jan Oblak,GK,91
K. Mbappe,Kylian Mbappe Lottin,"ST, LW",91
M. Neuer,Manuel Peter Neuer,GK,90
M. ter Stegen,Marc-Andre ter Stegen,GK,90
H. Kane,Harry Kane,ST,90
N. Kante,N'Golo KantÃ©,"CDM, CM",90
K. Benzema,Karim Benzema,"CF, ST",89
T. Courtois,Thibaut Courtois,GK,89
H. Son,ì†í¥ë¯¼ å­™å…´æ…œ,"LM, CF, LW",89
Casemiro,Carlos Henrique Venancio Casimiro,CDM,89
V. van Dijk,Virgil van Dijk,CB,89
S. Mane,Sadio Mane,LW,89
M. Salah,Mohamed Salah Ghaly,RW,89
Ederson,Ederson Santana de Moraes,GK,89
J. Kimmich,Joshua Walter Kimmich,"CDM, RB",89